Protein;kcat (Vmax/E s);MW (kDa)
ARG2;0,22;65,6095
ARG7;17,5443;47,8482
ARG5_6;7,7;94,8682
ARG8;1,55;46,6808
ARG3;82;37,8448
ARG1;17,252;46,9271
ARG4;2930;51,9886
CPA1;2660;45,361
CPA2;2660;123,9139
AAT1;574;51,7948
AAT2;574;46,0571
GLN1;52,7;41,7656
GLT1;70;238,0994
GDH1;53,33;49,5693
GDH3;53,33;49,6265
AGX1;131;41,9068
GLY1;43;42,8146
SHM1;15;53,6859
SHM2;15;52,2179
HIS1;2,7;32,2661
HIS2;2140;38,5814
HIS3;1000;23,8329
HIS4;35;87,7203
HIS4;2859,5;87,7203
HIS5;3100;42,6456
HIS6;32;29,5562
HIS7;138;61,0673
ILV1;287;63,83052
ILV2;16,1;74,93608
ILV3;25;62,86049
ILV5;0,98;44,36792
ILV6;16,1;33,98652
BAT1;1075;43,59553
BAT2;1075;41,62419
LEU1;9,27;85,79356
LEU2; ;38,95257
LEU4;13,79;68,40819
LEU9;13,79;67,19951
LYS1;18,8;41,46445
LYS2;11,167;155,34394
LYS4;2,5;75,14989
LYS9;327,77;48,91735
LYS12;17;40,06854
LYS20;0,617;47,09841
LYS21;0,617;48,59372
MET2;9,6;53,65896
MET3;24,4;57,72398
MET5;156;161,21721
MET6;0,33;85,85892
MET7;2;62,15067
MET10;156;114,82714
MET12;160;73,94088
MET13;160;68,55958
MET14;4,4;23,06018
MET16;3,5;30,3799
MET17;12;48,67102
MET22;11;39,14886
ARO7;361;29,7468
ARO8;1200;56,17728
ARO9;1540;58,52706
PHA2;1932;38,22484
HOM2;189,8;39,54334
HOM3;227;58,10913
HOM6;22,58;38,50163
THR1;40,8;38,71215
THR4;4080;57,47349
TRP1;69;24,14425
TRP2;0,58;56,76706
TRP3;0,58;53,48881
TRP3;11,1;53,48881
TRP4;2,9;41,37402
TRP5;0,0223;76,62516
TYR1;26,3;50,92272